Seq_ID_No,Seq
12,QVQLNQSGPELMKAGTSVKISCKASGYSFTDYHVNWVKQRPGQGLEWIGWIFPGSGRTFYTDKFKGKATLTVDLSFTTAYIMLNSLTSEDSAVYFCATDYGTSGYGLVYWGQGTSVTVSS
13,QVQLVQSGAEVKKPGASVKVSCKASGYTFTDYHVNWVRQAPGQGLEWIGWIFPGSGRTFYTDKFKGRVTLTVDTSTSTVYMELSSLTSEDTAVYYCATDYGTSGYGLVYWGQGTTVTVSS
14,QVQLVQSGAEVKKPGASVKVSCKASGYTFTDYHVNWVKQRPGQGLEWIGWIFPGSGRTFYTDKFKGRVTLTVDTSTSTVYMELSSLTSEDTAVYYCATDYGTSGYGLVYWGQGTTVTVSS
15,QVQLVQSGAEVKKPGASVKVSCKASGYSFTDYHVNWVKQRPGQGLEWIGWIFPGSGRTFYTDKFKGRVTLTVDTSTSTVYMELSSLTSEDTAVYFCATDYGTSGYGLVYWGQGTTVTVSS
16,QVQLVQSGAEVKKPGASVKVSCKASGYSFTDYHVNWVKQRPGQGLEWIGWIFPGSGRTFYTDKFKGKATLTVDTSTSTVYMELSSLTSEDTAVYFCATDYGTSGYGLVYWGQGTTVTVSS
17,QVQLVQSGAEVKKPGASVKVSCKASGYTFTDYHVNWVRQAPGQGLEWIGWIFPGSGRTFYTDKFKGRVTMTVDTSTSTVYMELSSLRSEDTAVYYCATDYGTSGYGLVYWGQGTTVTVSS
18,EVQLQESGPGLAKPSQTLSLTCSVTGYSITSDYWNWIRKFPGNKLEYMGYISYTGSTYYNPSLKSRISITRDTSKNQYYLQLNSVTTEDTATYYCARYRDWDVRAMDYWGQGTSVTVSS
19,QVQLQESGPGLVKPSQTLSLTCTVSGGSITSDYWNWIRQHPGKGLEYMGYISYTGSTYYNPSLKSRVTITVDTSKNQFSLKLSSVTTADTAVYYCARYRDWDVRAMDYWGQGTTVTVSS
20,QVQLQESGPGLVKPSQTLSLTCTVSGGSITSDYWNWIRQHPGNKLEYMGYISYTGSTYYNPSLKSRVTITVDTSKNQFSLKLSSVTTADTAVYYCARYRDWDVRAMDYWGQGTTVTVSS
21,QVQLQESGPGLVKPSQTLSLTCTVSGGSITSDYWNWIRQHPGNKLEYMGYISYTGSTYYNPSLKSRVTITRDTSKNQFSLKLSSVTTADTAVYYCARYRDWDVRAMDYWGQGTTVTVSS
22,QVQLQESGPGLVKPSQTLSLTCTVSGGSITSDYWNWIRQHPGNKLEYMGYISYTGSTYYNPSLKSRISITRDTSKNQFSLKLSSVTTADTAVYYCARYRDWDVRAMDYWGQGTTVTVSS
